Workbook

Sheet Sheet1
B1: 1 | C1: 2 | D1: 3 | E1: 4 | F1: 5 | G1: 6 | H1: 7 | I1: 8 | J1: 9 | K1: 10 | L1: 11 | M1: 12 | N1: 13 | O1: 14 | P1: 15 | Q1: 16 | R1: 17 | S1: 18 | T1: 19 | U1: 20 | V1: 21 | W1: 22 | X1: 23 | Y1: 24
A2: 36 | B2: =-Orig!B2 -> -4.1787435 | C2: =-Orig!C2 -> -4.0170201 | D2: =-Orig!D2 -> -3.9144893 | E2: =-Orig!E2 -> -3.8843324 | F2: =-Orig!F2 -> -3.9620182 | G2: =-Orig!G2 -> -4.1668473 | H2: =-Orig!H2 -> -4.4281473 | I2: =-Orig!I2 -> -4.5983246 | ... Y2: =-Orig!Y2 -> -4.4079543
A3: 38 | B3: =-Orig!B3 -> -1.3294524 | C3: =-Orig!C3 -> -1.2780007 | D3: =-Orig!D3 -> -1.2453809 | E3: =-Orig!E3 -> -1.2357866 | F3: =-Orig!F3 -> -1.2605021 | G3: =-Orig!G3 -> -1.3256677 | H3: =-Orig!H3 -> -1.4087994 | I3: =-Orig!I3 -> -1.4629407 | ... Y3: =-Orig!Y3 -> -1.4023751
A4: 41 | B4: =-Orig!B4 -> -1.7741883 | C4: =-Orig!C4 -> -1.7055247 | D4: =-Orig!D4 -> -1.6619927 | E4: =-Orig!E4 -> -1.6491889 | F4: =-Orig!F4 -> -1.6821723 | G4: =-Orig!G4 -> -1.7691375 | H4: =-Orig!H4 -> -1.8800789 | I4: =-Orig!I4 -> -1.9523318 | ... Y4: =-Orig!Y4 -> -1.8715054
A5: 51 | B5: =-Orig!B5 -> 0 | C5: =-Orig!C5 -> 0 | D5: =-Orig!D5 -> 0 | E5: =-Orig!E5 -> 0 | F5: =-Orig!F5 -> 0 | G5: =-Orig!G5 -> 0 | H5: =-Orig!H5 -> 0 | I5: =-Orig!I5 -> 0 | ... Y5: =-Orig!Y5 -> 0
A6: 663 | B6: =-Orig!B6 -> -3.0666187 | C6: =-Orig!C6 -> -2.9479362 | D6: =-Orig!D6 -> -2.8726928 | E6: =-Orig!E6 -> -2.8505618 | F6: =-Orig!F6 -> -2.9075724 | G6: =-Orig!G6 -> -3.0578886 | H6: =-Orig!H6 -> -3.2496466 | I6: =-Orig!I6 -> -3.3745331 | ... Y6: =-Orig!Y6 -> -3.2348277
A7: 664 | B7: =-Orig!B7 -> -5.6810329 | C7: =-Orig!C7 -> -5.4611687 | D7: =-Orig!D7 -> -5.3217774 | E7: =-Orig!E7 -> -5.2807788 | F7: =-Orig!F7 -> -5.3863933 | G7: =-Orig!G7 -> -5.6648599 | H7: =-Orig!H7 -> -6.0200992 | I7: =-Orig!I7 -> -6.2514565 | ... Y7: =-Orig!Y7 -> -5.9926467
A8: 743 | B8: =-Orig!B8 -> -3.4179851 | C8: =-Orig!C8 -> -3.2857041 | D8: =-Orig!D8 -> -3.2018395 | E8: =-Orig!E8 -> -3.1771728 | F8: =-Orig!F8 -> -3.2407156 | G8: =-Orig!G8 -> -3.4082546 | H8: =-Orig!H8 -> -3.6219839 | I8: =-Orig!I8 -> -3.7611796 | ... Y8: =-Orig!Y8 -> -3.6054671
A9: 1387 | B9: =-Orig!B9 -> -2.8208379 | C9: =-Orig!C9 -> -2.7116674 | D9: =-Orig!D9 -> -2.6424546 | E9: =-Orig!E9 -> -2.6220973 | F9: =-Orig!F9 -> -2.6745387 | G9: =-Orig!G9 -> -2.8128074 | H9: =-Orig!H9 -> -2.9891966 | I9: =-Orig!I9 -> -3.1040738 | ... Y9: =-Orig!Y9 -> -2.9755654
A10: 1389 | B10: =-Orig!B10 -> 0 | C10: =-Orig!C10 -> 0 | D10: =-Orig!D10 -> 0 | E10: =-Orig!E10 -> 0 | F10: =-Orig!F10 -> 0 | G10: =-Orig!G10 -> 0 | H10: =-Orig!H10 -> 0 | I10: =-Orig!I10 -> 0 | ... Y10: =-Orig!Y10 -> 0
A11: 1390 | B11: =-Orig!B11 -> -7.779092 | C11: =-Orig!C11 -> -7.4780299 | D11: =-Orig!D11 -> -7.28716 | E11: =-Orig!E11 -> -7.2310203 | F11: =-Orig!F11 -> -7.3756392 | G11: =-Orig!G11 -> -7.7569462 | H11: =-Orig!H11 -> -8.2433787 | I11: =-Orig!I11 -> -8.5601785 | ... Y11: =-Orig!Y11 -> -8.2057878
A12: 1391 | B12: =-Orig!B12 -> -2.0999708 | C12: =-Orig!C12 -> -2.0186989 | D12: =-Orig!D12 -> -1.9671734 | E12: =-Orig!E12 -> -1.9520185 | F12: =-Orig!F12 -> -1.9910584 | G12: =-Orig!G12 -> -2.0939925 | H12: =-Orig!H12 -> -2.2253053 | I12: =-Orig!I12 -> -2.3108256 | ... Y12: =-Orig!Y12 -> -2.2151576
A13: 1393 | B13: =-Orig!B13 -> -3.4464151 | C13: =-Orig!C13 -> -3.3130338 | D13: =-Orig!D13 -> -3.2284717 | E13: =-Orig!E13 -> -3.2035998 | F13: =-Orig!F13 -> -3.2676711 | G13: =-Orig!G13 -> -3.4366037 | H13: =-Orig!H13 -> -3.6521106 | I13: =-Orig!I13 -> -3.7924642 | ... Y13: =-Orig!Y13 -> -3.6354565
... A103: 8743 | B103: =-Orig!B103 -> 0 | C103: =-Orig!C103 -> 0 | D103: =-Orig!D103 -> 0 | E103: =-Orig!E103 -> 0 | F103: =-Orig!F103 -> 0 | G103: =-Orig!G103 -> 0 | H103: =-Orig!H103 -> 0 | I103: =-Orig!I103 -> 0 | ... Y103: =-Orig!Y103 -> 0
B104: =SUM(B2:B103) -> -113.8281 | C104: =SUM(C2:C103) -> -109.42279 | D104: =SUM(D2:D103) -> -106.62987 | E104: =SUM(E2:E103) -> -105.8084 | F104: =SUM(F2:F103) -> -107.92455 | G104: =SUM(G2:G103) -> -113.50405 | H104: =SUM(H2:H103) -> -120.62181 | I104: =SUM(I2:I103) -> -125.2574 | ... Y104: =SUM(Y2:Y103) -> -120.07175

Sheet Orig
B1: 1 | C1: 2 | D1: 3 | E1: 4 | F1: 5 | G1: 6 | H1: 7 | I1: 8 | J1: 9 | K1: 10 | L1: 11 | M1: 12 | N1: 13 | O1: 14 | P1: 15 | Q1: 16 | R1: 17 | S1: 18 | T1: 19 | U1: 20 | V1: 21 | W1: 22 | X1: 23 | Y1: 24
A2: 36 | B2: 4.1787435 | C2: 4.0170201 | D2: 3.9144893 | E2: 3.8843324 | F2: 3.9620182 | G2: 4.1668473 | H2: 4.4281473 | I2: 4.5983246 | J2: 4.6411 | K2: 4.6356531 | L2: 4.636879 | M2: 4.6461004 | N2: 4.7093183 | O2: 4.812398 | P2: 4.9386276 | Q2: 5.0704355 | R2: 5.2301313 | S2: 5.4311976 | T2: 5.5645394 | U2: 5.5381678 | V2: 5.3980461 | W2: 5.1125866 | X2: 4.7375251 | Y2: 4.4079543 | Z2: =AVERAGE(T2:T103) -> 1.486048
A3: 38 | B3: 1.3294524 | C3: 1.2780007 | D3: 1.2453809 | E3: 1.2357866 | F3: 1.2605021 | G3: 1.3256677 | H3: 1.4087994 | I3: 1.4629407 | J3: 1.4765496 | K3: 1.4748166 | L3: 1.4752066 | M3: 1.4781404 | N3: 1.498253 | O3: 1.5310474 | P3: 1.5712069 | Q3: 1.6131411 | R3: 1.6639478 | S3: 1.7279163 | T3: 1.7703385 | U3: 1.7619485 | V3: 1.7173693 | W3: 1.6265513 | X3: 1.5072269 | Y3: 1.4023751
A4: 41 | B4: 1.7741883 | C4: 1.7055247 | D4: 1.6619927 | E4: 1.6491889 | F4: 1.6821723 | G4: 1.7691375 | H4: 1.8800789 | I4: 1.9523318 | J4: 1.9704932 | K4: 1.9681806 | L4: 1.968701 | M4: 1.9726162 | N4: 1.9994569 | O4: 2.043222 | P4: 2.0968158 | Q4: 2.1527781 | R4: 2.2205809 | S4: 2.3059486 | T4: 2.3625621 | U4: 2.3513654 | V4: 2.2918733 | W4: 2.1706744 | X4: 2.0114328 | Y4: 1.8715054
A5: 51 | B5: 0 | C5: 0 | D5: 0 | E5: 0 | F5: 0 | G5: 0 | H5: 0 | I5: 0 | J5: 0 | K5: 0 | L5: 0 | M5: 0 | N5: 0 | O5: 0 | P5: 0 | Q5: 0 | R5: 0 | S5: 0 | T5: 0 | U5: 0 | V5: 0 | W5: 0 | X5: 0 | Y5: 0
A6: 663 | B6: 3.0666187 | C6: 2.9479362 | D6: 2.8726928 | E6: 2.8505618 | F6: 2.9075724 | G6: 3.0578886 | H6: 3.2496466 | I6: 3.3745331 | J6: 3.4059244 | K6: 3.4019271 | L6: 3.4028267 | M6: 3.409594 | N6: 3.4559872 | O6: 3.5316334 | P6: 3.6242684 | Q6: 3.7209971 | R6: 3.8381917 | S6: 3.9857465 | T6: 4.083601 | U6: 4.0642478 | V6: 3.9614179 | W6: 3.7519302 | X6: 3.476687 | Y6: 3.2348277
A7: 664 | B7: 5.6810329 | C7: 5.4611687 | D7: 5.3217774 | E7: 5.2807788 | F7: 5.3863933 | G7: 5.6648599 | H7: 6.0200992 | I7: 6.2514565 | J7: 6.3096101 | K7: 6.302205 | L7: 6.3038715 | M7: 6.3164081 | N7: 6.4023533 | O7: 6.542491 | P7: 6.714101 | Q7: 6.8932948 | R7: 7.1104024 | S7: 7.3837536 | T7: 7.5650328 | U7: 7.5291804 | V7: 7.3386838 | W7: 6.9505995 | X7: 6.4407007 | Y7: 5.9926467
A8: 743 | B8: 3.4179851 | C8: 3.2857041 | D8: 3.2018395 | E8: 3.1771728 | F8: 3.2407156 | G8: 3.4082546 | H8: 3.6219839 | I8: 3.7611796 | J8: 3.7961676 | K8: 3.7917124 | L8: 3.792715 | M8: 3.8002577 | N8: 3.8519665 | O8: 3.9362801 | P8: 4.039529 | Q8: 4.1473407 | R8: 4.2779632 | S8: 4.4424245 | T8: 4.5514909 | U8: 4.5299203 | V8: 4.4153084 | W8: 4.181818 | X8: 3.8750381 | Y8: 3.6054671
A9: 1387 | B9: 2.8208379 | C9: 2.7116674 | D9: 2.6424546 | E9: 2.6220973 | F9: 2.6745387 | G9: 2.8128074 | H9: 2.9891966 | I9: 3.1040738 | J9: 3.1329491 | K9: 3.1292722 | L9: 3.1300997 | M9: 3.1363246 | N9: 3.1789995 | O9: 3.2485829 | P9: 3.3337935 | Q9: 3.4227697 | R9: 3.5305715 | S9: 3.6663002 | T9: 3.7563119 | U9: 3.7385098 | V9: 3.6439214 | W9: 3.4512236 | X9: 3.1980404 | Y9: 2.9755654
A10: 1389 | B10: 0 | C10: 0 | D10: 0 | E10: 0 | F10: 0 | G10: 0 | H10: 0 | I10: 0 | J10: 0 | K10: 0 | L10: 0 | M10: 0 | N10: 0 | O10: 0 | P10: 0 | Q10: 0 | R10: 0 | S10: 0 | T10: 0 | U10: 0 | V10: 0 | W10: 0 | X10: 0 | Y10: 0
A11: 1390 | B11: 7.779092 | C11: 7.4780299 | D11: 7.28716 | E11: 7.2310203 | F11: 7.3756392 | G11: 7.7569462 | H11: 8.2433787 | I11: 8.5601785 | J11: 8.6398087 | K11: 8.6296688 | L11: 8.6319508 | M11: 8.6491174 | N11: 8.7668029 | O11: 8.9586948 | P11: 9.193682 | Q11: 9.4390537 | R11: 9.7363412 | S11: 10.110644 | T11: 10.358871 | U11: 10.309778 | V11: 10.048929 | W11: 9.5175216 | X11: 8.8193123 | Y11: 8.2057878
A12: 1391 | B12: 2.0999708 | C12: 2.0186989 | D12: 1.9671734 | E12: 1.9520185 | F12: 1.9910584 | G12: 2.0939925 | H12: 2.2253053 | I12: 2.3108256 | J12: 2.3323218 | K12: 2.3295845 | L12: 2.3302005 | M12: 2.3348347 | N12: 2.366604 | O12: 2.4184053 | P12: 2.4818402 | Q12: 2.5480785 | R12: 2.6283314 | S12: 2.7293746 | T12: 2.7963837 | U12: 2.783131 | V12: 2.7127147 | W12: 2.5692609 | X12: 2.3807789 | Y12: 2.2151576
A13: 1393 | B13: 3.4464151 | C13: 3.3130338 | D13: 3.2284717 | E13: 3.2035998 | F13: 3.2676711 | G13: 3.4366037 | H13: 3.6521106 | I13: 3.7924642 | J13: 3.8277432 | K13: 3.8232509 | L13: 3.8242619 | M13: 3.8318673 | N13: 3.8840062 | O13: 3.9690211 | P13: 4.0731288 | Q13: 4.1818373 | R13: 4.3135462 | S13: 4.4793755 | T13: 4.5893491 | U13: 4.5675991 | V13: 4.4520338 | W13: 4.2166014 | X13: 3.9072697 | Y13: 3.6354565
A14: 1488 | B14: 0 | C14: 0 | D14: 0 | E14: 0 | F14: 0 | G14: 0 | H14: 0 | I14: 0 | J14: 0 | K14: 0 | L14: 0 | M14: 0 | N14: 0 | O14: 0 | P14: 0 | Q14: 0 | R14: 0 | S14: 0 | T14: 0 | U14: 0 | V14: 0 | W14: 0 | X14: 0 | Y14: 0
... A103: 8743 | B103: 0 | C103: 0 | D103: 0 | E103: 0 | F103: 0 | G103: 0 | H103: 0 | I103: 0 | J103: 0 | K103: 0 | L103: 0 | M103: 0 | N103: 0 | O103: 0 | P103: 0 | Q103: 0 | R103: 0 | S103: 0 | T103: 0 | U103: 0 | V103: 0 | W103: 0 | X103: 0 | Y103: 0
